Customer_id,Probability_of_churn,Prediction_of_churn
4716-MRVEN,0.9714331788490076,0
8966-KZXXA,0.9740686208967504,0
8720-RQSBJ,0.4728183832156029,1
7504-UWHNB,0.5717155148395625,0
1730-VFMWO,0.9159036321716124,0
5297-MDOIR,0.9413462822515035,0
1273-MTETI,0.1637700308079899,1
4847-QNOKA,0.5350703227161722,0
2091-MJTFX,0.8519638888927243,0
0118-JPNOY,0.6201083349242651,0
3374-LXDEV,0.48213302600758157,1
1697-BCSHV,0.9067982830117542,0
3070-FNFZQ,0.9617397457165473,0
7586-ZATGZ,0.49758562271786533,1
7786-WBJYI,0.3659967815095436,1
9362-MWODR,0.953242937515479,0
2391-IPLOP,0.9340690069600346,0
6656-JWRQX,0.640731730248195,0
1623-NLDOT,0.9674668912765132,0
8908-NMQTX,0.987464150032281,0
2789-HQBOU,0.26131009017167606,1
6289-CPNLD,0.933928672809003,0
6064-ZATLR,0.9487383111168577,0
5269-NRGDP,0.9425449554868323,0
1428-GTBJJ,0.3836613218204591,1
8474-UMLNT,0.8770133756719453,0
9799-CAYJJ,0.2232597178416883,1
7302-ZHMHP,0.8012692403472954,0
4835-YSJMR,0.9546980052708904,0
9514-JDSKI,0.3660581502374428,1
3842-IYKUE,0.7416424332975006,0
9830-ECLEN,0.9854730711860777,0
2696-ECXKC,0.8941616343368093,0
7061-OVMIM,0.9727682466783383,0
6258-NGCNG,0.8030419041814802,0
2692-AQCPF,0.8516372037515513,0
7973-DZRKH,0.9547368853824278,0
8337-MSSXB,0.3560153878645188,1
6893-ODYYE,0.9430473599317345,0
4976-LNFVV,0.6525118228855524,0
9903-LYSAB,0.34104567706546673,1
5469-NUJUR,0.9423127783209578,0
3768-VHXQO,0.9946358728004584,0
5918-VUKWP,0.9715177697568422,0
7394-LWLYN,0.27347609237463866,1
6227-FBDXH,0.8560829994638033,0
2581-VKIRT,0.989179387585785,0
6030-REHUX,0.36641944771894197,1
1150-FTQGN,0.918559431012063,0
0980-FEXWF,0.9283624269130963,0
8042-JVNFH,0.37710891815129455,1
6341-JVQGF,0.952004453760996,0
7789-HKSBS,0.6867599452484494,0
2815-CPTUL,0.3579362573797976,1
6933-FHBZC,0.8910462964050864,0
7684-XSZIY,0.9964271942646991,0
5056-FIMPT,0.9024625331747376,0
1222-KJNZD,0.9665557684549944,0
7422-WNBTY,0.435325062594192,1
6646-JPPHA,0.5503815982767223,0
7901-TBKJX,0.4828617100527778,1
0164-APGRB,0.8807751878656304,0
6870-ECSHE,0.8806075990027895,0
3683-QKIUE,0.6968682472462886,0
2511-ALLCS,0.9709969893279612,0
5022-JNQEQ,0.47511983675822755,1
8292-ITGYJ,0.9771894664717261,0
9253-VIFJQ,0.983370239189298,0
0661-XEYAN,0.3947154391077128,1
9796-BPKIW,0.3586108447771298,1
6408-WHTEF,0.9852204774701615,0
9617-INGJY,0.37893197996193473,1
5989-PGKJB,0.37351240493328164,1
9661-JALZV,0.9873329506832366,0
0270-THENM,0.9927201620057814,0
8966-SNIZF,0.9969310005759875,0
6368-TZZDT,0.9047616490438505,0
4385-GZQXV,0.3717619415976404,1
5453-AXEPF,0.41947618800694253,1
9761-XUJWD,0.6857788444554367,0
6650-BWFRT,0.9114479973117089,0
8885-QSQBX,0.7315049284586331,0
6103-BOCOU,0.3880482595008744,1
3466-RITXD,0.6267641644882127,0
3583-KRKMD,0.6123338038787342,0
6906-MPARY,0.8536337620912098,0
8336-TAVKX,0.9844845835392042,0
2722-VOJQL,0.8495727733022561,0
6727-IOTLZ,0.8911464884521942,0
5834-ASPWA,0.20547006087581443,1
1612-EOHDH,0.5235465042430762,0
4631-OACRM,0.3047584305867814,1
9770-KXGQU,0.9014239869853231,0
4988-IQIGL,0.166088821675639,1
4290-BSXUX,0.3787820277110119,1
5073-WXOYN,0.883111638564563,0
6425-JWTDV,0.9914254176510263,0
5913-INRQV,0.8964190721640195,0
7551-DACSP,0.7063762167790401,0
9992-UJOEL,0.6229089766423672,0
6007-TCTST,0.921874969098465,0
5176-LMJXE,0.9869341924776429,0
2834-JKOOW,0.9270594460176662,0
7766-CLTIC,0.7326455635311278,0
9728-FTTVZ,0.26637154031814514,1
6328-ZPBGN,0.23249817357629432,1
0420-BWTPW,0.6680855861781178,0
8118-TJAFG,0.4432099216826154,1
3985-HOYPM,0.9681388799433788,0
0239-OXEXL,0.844485690120829,0
4753-PADAS,0.8074109931004912,0
3658-KIBGF,0.6228693708331681,0
9470-XCCEM,0.5798000364449283,0
5753-QQWPW,0.9378399530217713,0
4365-MSDYN,0.7997829042704079,0
5850-BDWCY,0.8410325600364017,0
7826-VVKWT,0.5169562363330438,0
3692-JHONH,0.5689955706546252,0
5550-VFRLC,0.2172068791801125,1
0048-LUMLS,0.8065148179967558,0
0302-JOIVN,0.35383378573049595,1
8099-MZPUJ,0.9125254600978266,0
2519-ERQOJ,0.7139189187387546,0
9274-UARKJ,0.4763574958696677,1
4115-BNPJY,0.9442488707656556,0
1779-PWPMG,0.8918115461888649,0
4529-CKBCL,0.25941041013730715,1
9497-QCMMS,0.1425451882260762,1
9057-SIHCH,0.1754472495829199,1
6145-NNPNO,0.6053296347314108,0
5600-PDUJF,0.7176244049093712,0
6270-OMFIW,0.808329308944852,0
3316-UWXUY,0.8830275638977308,0
7321-KKSDU,0.9808921569354435,0
8878-HMWBV,0.5021573108315539,0
2684-EIWEO,0.6639296938999497,0
4547-FZJWE,0.9834684419307215,0
4750-UKWJK,0.9764774435800014,0
1902-XBTFB,0.49569891788727427,1
5324-KTGCG,0.9956048583481041,0
8714-EUHJO,0.41901903477107905,1
1472-TNCWL,0.549366968679608,0
3932-CMDTD,0.5069916701586048,0
5727-MYATE,0.983104184911466,0
6008-NAIXK,0.8869754228476239,0
9506-UXUSK,0.37860125840814385,1
1042-HFUCW,0.930602172402443,0
4237-CLSMM,0.8151282313438881,0
4588-YBNIB,0.7521547127995238,0
0940-OUQEC,0.35754761225710874,1
9095-HFAFX,0.3600976301163117,1
1400-MMYXY,0.16546411787928428,1
3999-QGRJH,0.278999819986003,1
7169-YWAMK,0.9948676715481967,0
7831-QGOXH,0.2964399010423402,1
9432-RUVSL,0.9090634815326297,0
1184-PJVDB,0.32527288930343456,1
7534-BFESC,0.3326695260746617,1
6439-PKTRR,0.9849243993909647,0
8309-PPCED,0.8695106402990608,0
6898-RBTLU,0.9518535431510131,0
9692-TUSXH,0.47269270387931306,1
5996-EBTKM,0.9737386013919356,0
3737-XBQDD,0.4876953868199113,1
9943-VSZUV,0.8070380661298846,0
6818-DJXAA,0.4628509398104732,1
7537-RBWEA,0.4604264394462959,1
9269-CQOOL,0.6019625621137575,0
8740-CRYFY,0.2629208612432731,1
9053-EJUNL,0.5196299481947376,0
9974-JFBHQ,0.8754039803660666,0
3858-XHYJO,0.7882391470579881,0
5168-MQQCA,0.8643375266969866,0
8065-BVEPF,0.7371067989023877,0
0221-WMXNQ,0.4363025849056661,1
2545-LXYVJ,0.9972228276200895,0
1009-IRMNA,0.8268483519132434,0
0164-XAIRP,0.9464272442160875,0
0431-APWVY,0.6691780657321467,0
7337-CINUD,0.915957370656279,0
2277-DJJDL,0.6165232866721937,0
6918-UMQCG,0.34144176329469655,1
8992-VONJD,0.7638707293406587,0
6384-VMJHP,0.9909727762452184,0
1389-WNUIB,0.862154432697968,0
1196-AMORA,0.3060218594342129,1
9242-TKFSV,0.9890850663965808,0
2307-FYNNL,0.8444475722375624,0
1905-OEILC,0.800692428470781,0
4826-DXMUP,0.9352368492161545,0
7964-ZRKKG,0.8710750397677028,0
9522-ZSINC,0.8709096023055398,0
8313-NDOIA,0.32098427391642803,1
8050-DVOJX,0.9641764387668271,0
7010-BRBUU,0.9964995031045233,0
1963-SVUCV,0.5349215782617018,0
8920-NAVAY,0.7850658631984511,0
0396-YCHWO,0.39263670064867273,1
1984-FCOWB,0.8173510935762272,0
6305-YLBMM,0.9106526925347548,0
9824-QCJPK,0.9817987282027726,0
1322-AGOQM,0.9253092083871731,0
3230-WYKIR,0.7943015725603414,0
9873-MNDKV,0.6900044141428656,0
9862-KJTYK,0.708525075677193,0
0411-EZJZE,0.3689816787635276,1
2977-CEBSX,0.9743301359878394,0
7129-CAKJW,0.4646314204879577,1
0376-YMCJC,0.4582662275061202,1
8165-CBKXO,0.9678506635955098,0
0454-OKRCT,0.8806559786460304,0
1360-JYXKQ,0.7713486200158965,0
3057-VJJQE,0.9522763966657446,0
6543-XRMYR,0.3014168541089586,1
9921-EZKBY,0.6497088686041239,0
2808-CHTDM,0.9514631105435702,0
0742-LAFQK,0.8803414781979746,0
7089-RKVSZ,0.8962386816710574,0
7404-JLKQG,0.5486095934934392,0
3522-CDKHF,0.7506263949786549,0
8566-YPRGL,0.7523473871835581,0
3346-BRMIS,0.4458615110802945,1
2284-VFLKH,0.851398998263773,0
8777-MBMTS,0.8822280442244861,0
4291-HPAXL,0.8303705430915739,0
3030-YDNRM,0.25645079846568364,1
0531-ZZJWQ,0.6277075319466847,0
4636-OLWOE,0.9704432695177955,0
5960-MVTUK,0.49324841871031244,1
1589-AGTLK,0.48882371535828295,1
1862-QRWPE,0.9901934495462158,0
3638-VBZTA,0.979730290749666,0
7277-KAMWT,0.931622874328063,0
9838-BFCQT,0.9966942884302005,0
5002-GCQFH,0.7565402402751724,0
2675-OTVVJ,0.5494683770596899,0
4139-DETXS,0.9915943527385278,0
9167-APMXZ,0.40989286047550433,1
5619-PTMIK,0.9153630426560534,0
4385-ZKVNW,0.9434879480473854,0
6119-SPUDB,0.9849679783385652,0
0699-NDKJM,0.9351242949759617,0
0867-LDTTC,0.7162683198373532,0
7080-TNUWP,0.8669965947335049,0
8922-NPKBJ,0.9892319393625922,0
3945-GFWQL,0.6293376933794737,0
4083-EUGRJ,0.8681263064572732,0
8513-OLYGY,0.9390776663672511,0
5146-YYFRZ,0.9964585869597744,0
2907-ILJBN,0.9339360502580695,0
1597-FZREH,0.6054957036207078,0
7812-FZHPE,0.8864796531406692,0
6919-ELBGL,0.9130928120338399,0
7312-XSBAT,0.6735498255288173,0
1891-QRQSA,0.8886227775872022,0
5155-AZQPB,0.8353813246069012,0
9039-RBEEE,0.9355032244126615,0
8413-VONUO,0.3197317313817969,1
6402-SSEJG,0.8528230620747874,0
6322-PJJDJ,0.7491999214630715,0
7966-YOTQW,0.7001134211592407,0
1088-CNNKB,0.9832611155542951,0
3831-YCPUO,0.9569615224261272,0
2672-TGEFF,0.5071903159360787,0
0354-WYROK,0.5435859957672441,0
1684-FLBGS,0.7935008849817047,0
7654-YWJUF,0.9267209319590753,0
1814-DKOLC,0.7728808905958534,0
2777-PHDEI,0.3123210715407464,1
0017-IUDMW,0.9250105112872363,0
3521-MNKLV,0.8166845971453768,0
9501-UKKNL,0.913755932816299,0
1760-CAZHT,0.950408251284008,0
9507-EXLTT,0.31747092276278344,1
0733-VUNUW,0.8028737645212124,0
3063-QFSZL,0.42077950512801676,1
4940-KHCWD,0.9913437275679334,0
3481-JHUZH,0.5480219887570924,0
8262-COGGB,0.7592475940158417,0
6479-VDGRK,0.9910888726746423,0
0208-BPQEJ,0.8822109512280492,0
3413-CSSTH,0.8426195664326739,0
0823-HSCDJ,0.8133673422230583,0
3758-CKOQL,0.9076499127195352,0
2038-OEQZH,0.33830679406274333,1
5136-RGMZO,0.7681716583386569,0
9279-CJEOJ,0.28979099611625747,1
0259-GBZSH,0.19944247074877053,1
0519-XUZJU,0.4345312307589868,1
4302-ZYFEL,0.9962762209468349,0
5103-MHMHY,0.6739957916604264,0
7244-QWYHG,0.9749722068952343,0
2073-QBVBI,0.9653608780504426,0
2732-ISEZX,0.790265982731662,0
4501-VCPFK,0.809571000261648,0
7550-WIQVA,0.7839968818217052,0
6347-DCUIK,0.3723737390952906,1
5035-BVCXS,0.4963242981842352,1
1346-PJWTK,0.894293506681516,0
3771-PZOBW,0.41392134182116935,1
6972-SNKKW,0.8419216044570318,0
3458-IDMFK,0.9578626291224992,0
4280-DLSHD,0.6934836095241155,0
6013-BHCAW,0.9564624824837189,0
2606-PKWJB,0.9819894894907073,0
3070-BDOQC,0.8016810937347167,0
4282-YMKNA,0.25146749263445123,1
3658-QQJYD,0.9746252066602195,0
2379-ENZGV,0.3186314405127345,1
5835-BEQEU,0.21577642246263595,1
1624-NALOJ,0.1802769864788868,1
8963-MQVYN,0.8754414746786255,0
4359-INNWN,0.9391750211469554,0
8808-ELEHO,0.2150326827178659,1
1360-XFJMR,0.856260890322868,0
0734-OXWBT,0.7530631931682903,0
8706-HRADD,0.8617040986713262,0
7207-RMRDB,0.6286803902330285,0
6647-ZEDXT,0.7351999403814409,0
8384-FZBJK,0.6018391230624401,0
4510-PYUSH,0.9018142121235494,0
5197-LQXXH,0.9678998052021743,0
2592-YKDIF,0.7992863676986117,0
7469-LKBCI,0.9423034730470289,0
5630-IXDXV,0.48059730997076777,1
6728-CZFEI,0.8407145721349293,0
3551-HUAZH,0.16745358162964552,1
3655-SNQYZ,0.9436991823642568,0
3106-ULWFW,0.28972232951648513,1
1177-XZBJL,0.9842311069094287,0
7295-JOMMD,0.47001186385711613,1
5846-NEQVZ,0.9917433710086602,0
0931-MHTEM,0.8873911436763502,0
0617-AQNWT,0.9853156387382577,0
7794-JASDG,0.7152012229228495,0
8782-LKFPK,0.6192649609293025,0
7945-HLKEA,0.9785054050231953,0
9117-SHLZX,0.5848252342383902,0
7139-JZFVG,0.9891576248832543,0
8652-YHIYU,0.6729503694382091,0
9919-FZDED,0.9656161999145733,0
9462-MJUAW,0.5964517744250313,0
4030-VPZBD,0.46587231763477666,1
3878-AVSOQ,0.2147560306315185,1
6581-NQCBA,0.5783004411111268,0
9845-PEEKO,0.8393619343741898,0
8597-CTXVJ,0.9923420794635254,0
4482-EWFMI,0.2736408975649046,1
5597-GLBUC,0.2601939239991421,1
1925-TIBLE,0.22005981503369554,1
4622-YNKIJ,0.8455122351568073,0
9618-LFJRU,0.8076889781564206,0
2454-RPBRZ,0.22719357937361317,1
5887-IKKYO,0.9038846445542597,0
8999-EXMNO,0.959559460094962,0
3654-ARMGP,0.9605172179052327,0
7471-MQPOS,0.9721220579566683,0
8597-CWYHH,0.7691042594215902,0
2969-VAPYH,0.9939875800914568,0
6275-YDUVO,0.3549512168012996,1
9688-YGXVR,0.7148651690450616,0
2479-BRAMR,0.6995677046360063,0
0925-VYDLG,0.26007769418407145,1
6807-SIWJI,0.6932086075439664,0
4824-GUCBY,0.6054988504449599,0
0673-IGUQO,0.8065919043036971,0
8091-TTVAX,0.8178648863321261,0
3546-GHEAE,0.9158092724945753,0
4776-XSKYQ,0.8530556998478158,0
3001-UNBTL,0.3083850895157344,1
2810-FTLEM,0.7524078507994822,0
8309-IEYJD,0.30928145798190776,1
3913-RDSJZ,0.9936417799102045,0
7601-GNDYK,0.9842298946135278,0
6969-MVBAI,0.19684456184271448,1
2257-BOVXD,0.6812124284437886,0
7740-BTPUX,0.6895508346097718,0
9065-ZCPQX,0.9882208538612853,0
7593-JNWRU,0.6421401863879748,0
3308-MHOOC,0.7884352240972133,0
2205-LPVGL,0.9271833103754809,0
5844-QVTAT,0.9596127082262526,0
7401-RUBNK,0.6146207291365422,0
2275-RBYQS,0.5740772245580846,0
6265-FRMTQ,0.9730715686442354,0
0212-ISBBF,0.5616745492167399,0
4315-MURBD,0.6270597592924658,0
5089-IFSDP,0.8496518844007439,0
3419-SNJJD,0.7777687958210643,0
9058-CBREO,0.4851538656982768,1
4906-ZHGPK,0.9450320211570918,0
7162-WPHPM,0.987164263347234,0
2703-AMTUL,0.9743491368718474,0
9140-CZQZZ,0.9849315219103069,0
7049-GKVZY,0.9284640315199565,0
7951-VRDVK,0.9621156435945679,0
9436-ZBZCT,0.38160819931429346,1
3794-NFNCH,0.8537977140129573,0
5997-OPVFA,0.9806461187770016,0
3092-IGHWF,0.8865963314474086,0
5954-BDFSG,0.8658474911545653,0
6217-KDYWC,0.9939079220824295,0
3739-YBWAB,0.9586459047626972,0
7558-IMLMT,0.9964251199112676,0
3378-AJRAO,0.9753662538717158,0
4255-DDUOU,0.77704176364695,0
7660-HDPJV,0.26637154031814514,1
2889-FPWRM,0.9017246064850093,0
6400-BWQKW,0.35314148103497167,1
7508-SMHXL,0.386875733661876,1
3572-UUHRS,0.9872142570457425,0
3956-CJUST,0.6220433626301394,0
3043-SUDUA,0.9523182590863319,0
4080-OGPJL,0.71144817369379,0
5397-TUPSH,0.9026007797111678,0
1707-HABPF,0.7708624324668087,0
9530-GRMJG,0.9584213520328355,0
4191-XOVOM,0.7467452106170158,0
3992-YWPKO,0.384465234060829,1
0420-TXVSG,0.9800070348423312,0
6968-URWQU,0.9382715457067686,0
6959-GQEGV,0.8839206275931982,0
7188-CBBBA,0.7916053462988804,0
3509-GWQGF,0.5820176064955345,0
7598-UAASY,0.34794289202316153,1
9424-CMPOG,0.933944625128245,0
5590-ZSKRV,0.8483973545000968,0
4390-KYULV,0.7581378969588707,0
9231-ZJYAM,0.22816900490233072,1
7115-IRDHS,0.9953480665117279,0
7552-KEYGT,0.9666011231521101,0
3590-TCXTB,0.8067531322069638,0
4710-NKCAW,0.8336722215466121,0
8024-XNAFQ,0.9122392333171313,0
3354-OADJP,0.9122473407763194,0
9755-JHNMN,0.9851232582193361,0
3071-VBYPO,0.5365755300901854,0
1060-ENTOF,0.9054763533299001,0
7167-PCEYD,0.9960300969087424,0
5778-BVOFB,0.7094319974755399,0
4418-LZMSV,0.8516339743584068,0
5387-ASZNZ,0.9828658181878122,0
3803-KMQFW,0.8216327985652427,0
1658-TJVOA,0.3772527932808645,1
9548-LERKT,0.9660701296566777,0
2817-LVCPP,0.9906660820536888,0
4257-GAESD,0.5104920338198371,0
0696-UKTOX,0.8649989924071423,0
9391-TTOYH,0.9133935827621134,0
1112-CUNAO,0.279195422363434,1
9108-EJFJP,0.7301990390368087,0
4998-IKFSE,0.40003946331990836,1
6350-XFYGW,0.21405630373828366,1
8197-BFWVU,0.9791617600422153,0
7028-DVOIQ,0.33934204315101346,1
5522-NYKPB,0.6620947424392319,0
6479-OAUSD,0.9621447822492941,0
0979-PHULV,0.7490920714251551,0
8734-DKSTZ,0.31214653272497306,1
0847-HGRML,0.9959184682698184,0
3716-LRGXK,0.8253728293176392,0
1897-OKVMW,0.9784438725472249,0
2968-SSGAA,0.21536959438617886,1
4002-BQWPQ,0.8834684290230725,0
3317-VLGQT,0.34177091827418893,1
1853-UDXBW,0.30438661695843316,1
0608-JDVEC,0.9870535497419755,0
5364-XYIRR,0.5217818922479089,0
3810-PJUHR,0.9964381611949517,0
8190-ZTQFB,0.8419006259641995,0
7753-USQYQ,0.9580645336461188,0
2722-JMONI,0.5327377227634791,0
6961-MJKBO,0.9889036414634582,0
7799-LGRDP,0.9708286962935028,0
6029-CSMJE,0.6814842479087463,0
8805-JNRAZ,0.6773556615362042,0
1265-ZFOSD,0.9809332402848722,0
0541-FITGH,0.6830220125598898,0
8404-VIOMB,0.9838578034300455,0
4329-YPDDQ,0.7083743693522709,0
0623-IIHUG,0.6438495051448424,0
3865-QBWSJ,0.7206709621412241,0
6344-SFJVH,0.7414534134463904,0
7554-AKDQF,0.688970456406254,0
6906-ANDWJ,0.41959267166461367,1
3717-LNXKW,0.7284916472384477,0
8263-QMNTJ,0.886669529386391,0
6458-CYIDZ,0.4578165086970951,1
5057-RKGLH,0.930618895961282,0
5115-SQAAU,0.9938909955599665,0
5622-UEJFI,0.9618412242888248,0
5329-KRDTM,0.9777446615028431,0
6461-PPAXN,0.9687764999163678,0
4452-QIIEB,0.7199319191252606,0
6818-WOBHJ,0.7156385191634534,0
7779-ORAEL,0.9579363145990806,0
6169-PPETC,0.9808892651853038,0
2848-YXSMW,0.9978500727984217,0
6061-GWWAV,0.973959023994383,0
0218-QNVAS,0.8831134107300694,0
8608-OZTLB,0.9690587774079712,0
8728-SKJLR,0.740798207220102,0
8901-UPRHR,0.8957284780190378,0
0013-SMEOE,0.9279979393877007,0
6519-CFDBX,0.4660345645081042,1
4488-PSYCG,0.8924060311952426,0
6849-OYAMU,0.7796092324159191,0
3932-IJWDZ,0.6415729904220344,0
5135-RDDQL,0.9875059491416902,0
1169-WCVAK,0.6904038446266646,0
0742-MOABM,0.7741877953311626,0
4698-KVLLG,0.9888134875983802,0
1661-CZBAU,0.9565817310008781,0
8644-XYTSV,0.9096268963829959,0
3714-NTNFO,0.5690730649873514,0
0953-LGOVU,0.8094803045192294,0
0464-WJTKO,0.9975432595410151,0
8593-WHYHV,0.19556753147165895,1
7989-CHGTL,0.7608502167696836,0
7998-ZLXWN,0.8853117770223735,0
4957-TREIR,0.7854849048004044,0
7501-VTYLJ,0.7050243926989602,0
0447-BEMNG,0.9211446809969768,0
0637-YLETY,0.37031223285193227,1
2476-YGEFM,0.5111884930286157,0
5949-HGVJL,0.7630260580486588,0
5939-XAIXZ,0.687419805386726,0
9847-HNVGP,0.9482983779023993,0
4576-CSAJH,0.910458060962815,0
4747-LCAQL,0.9033795749938851,0
7595-EHCDL,0.8155914257031849,0
4003-OCTMP,0.9300600395970862,0
7617-EYGLW,0.7215297708989441,0
6447-EGDIV,0.9738216181248361,0
2796-NNUFI,0.9881218867262543,0
6362-QHAFM,0.6519429488933293,0
6838-HVLXG,0.8812508661457548,0
8205-VSLRB,0.986544803189926,0
2276-YDAVZ,0.27654847888584233,1
1839-FBNFR,0.9789584904814173,0
9386-LDCZR,0.9291915795577859,0
3512-IZIKN,0.9903820472645299,0
9675-ICXCT,0.9848290173864405,0
3003-CMDUU,0.5018619968353155,0
6469-QJKZW,0.7422734517724547,0
3387-VATUS,0.25191851865366577,1
5628-FCGYG,0.323001393722142,1
5244-IRFIH,0.3186387988162541,1
9092-GDZKO,0.8631443856058043,0
6410-LEFEN,0.6177321378571917,0
8606-CIQUL,0.9110543767905561,0
4742-DRORA,0.8929297251519018,0
7190-XHTWJ,0.9829060887158708,0
9739-JLPQJ,0.9379684946707822,0
6745-JEFZB,0.6293531450516696,0
5939-SXWHM,0.985555177318478,0
0602-DDUML,0.982942975232608,0
3132-TVFDZ,0.8402621136734669,0
9734-YWGEX,0.3456272513336439,1
5951-AOFIH,0.8356002694586349,0
0030-FNXPP,0.8177720757540995,0
9229-RQABD,0.9292761808043759,0
0394-YONDK,0.9959158811032174,0
6513-EECDB,0.16779222012388495,1
3295-YVUSR,0.25691655731785723,1
8450-UYIBU,0.6846717376969832,0
9170-CCKOU,0.6452493901984456,0
8260-NGFNY,0.5300421632413642,0
8430-TWCBX,0.9892499995410703,0
4902-OHLSK,0.44426866013579025,1
5562-YJQGT,0.7900295651648075,0
3156-QLHBO,0.8386548672069599,0
5501-TVMGM,0.4327071715990899,1
9668-PUGNU,0.9914498676900843,0
4686-GEFRM,0.9056629294147153,0
7690-KPNCU,0.9797830973966177,0
6176-YJWAS,0.9270610110298514,0
6685-XSHHU,0.993749962446293,0
9650-VBUOG,0.9768479632830666,0
9391-DXGGG,0.8045999827207431,0
5975-BAICR,0.9514805442680698,0
8058-DMYRU,0.5374497894137507,0
6015-VVHHE,0.23168740811309774,1
4840-ORQXB,0.5508684770214924,0
2252-NKNSI,0.9707532717688505,0
5144-TVGLP,0.41643637809581824,1
6475-VHUIZ,0.8349445467680938,0
1270-XKUCC,0.9780739855879358,0
8012-SOUDQ,0.4558028793608153,1
6859-RKMZJ,0.6377651813501628,0
9878-TNQGW,0.2531846314346241,1
3312-ZWLGF,0.4671678005022981,1
6235-VDHOM,0.42928600241182346,1
0750-EBAIU,0.894173305969828,0
7663-YJHSN,0.940353776350991,0
9150-HEPMB,0.9873463693380073,0
4039-HEUNW,0.3682370328846031,1
3165-HDOEW,0.6198094530354015,0
1469-LBJQJ,0.6116975541175985,0
8519-QJGJD,0.45456537386386864,1
5931-FLJJF,0.3759939190988074,1
5730-RIITO,0.9126505748028277,0
5473-KHBPS,0.8037649852634954,0
1895-QTKDO,0.6172263828485514,0
3387-PLKUI,0.9028012382445696,0
5669-SRAIP,0.4391906324288303,1
8158-WPEZG,0.6155810971710707,0
0906-QVPMS,0.9363282546166513,0
6683-VLCTZ,0.24825334855777204,1
8084-OIVBS,0.9251312251922987,0
8665-UTDHZ,0.48365212392044954,1
5371-VYLSX,0.6983499669355102,0
8167-GJLRN,0.5623440377408416,0
6734-GMPVK,0.26748718725888476,1
9227-YBAXE,0.9799738039461434,0
5756-JYOJT,0.8621530732524659,0
0057-QBUQH,0.9655092612924031,0
7613-LLQFO,0.2632386850744515,1
6100-FJZDG,0.9576646574848026,0
3923-CSIHK,0.6696834056446913,0
4587-NUKOX,0.4365059964652156,1
3808-HFKDE,0.6767210779896016,0
5696-CEIQJ,0.9430611460324705,0
0757-WCUUZ,0.9572102333175024,0
8550-XSXUQ,0.9104552769952955,0
6956-SMUCM,0.463475586032406,1
4854-SSLTN,0.9298886050762656,0
2223-GDSHL,0.9246567726843511,0
8266-VBFQL,0.3784814958336361,1
6797-LNAQX,0.8929400019797183,0
4877-TSOFF,0.9717952103040216,0
1125-SNVCK,0.9370142339616709,0
9530-EHPOH,0.5705100066981628,0
4817-VYYWS,0.35693615147657665,1
7722-CVFXN,0.783920469071833,0
2667-WYLWJ,0.9017633826162083,0
3727-RJMEO,0.23053456387793603,1
0468-YRPXN,0.6492831981381031,0
0193-ESZXP,0.9016119734106239,0
2074-GKOWZ,0.3394341640525085,1
0191-ZHSKZ,0.7797645027712921,0
3703-KBKZP,0.32820067853708423,1
3254-YRILK,0.2768040817401549,1
9824-BEMCV,0.46161071983008795,1
3724-UCSHY,0.8661767431398559,0
2138-VFAPZ,0.9318714000093625,0
5519-TEEUH,0.9752246129005211,0
2115-BFTIW,0.6793676040854797,0
2232-DMLXU,0.62390217152687,0
0578-SKVMF,0.5387776865680475,0
1746-TGTWV,0.4292366689045496,1
3398-ZOUAA,0.39574278137641095,1
1965-DDBWU,0.46813067703268285,1
0835-JKADZ,0.8187859068259679,0
4312-GVYNH,0.9894086628456755,0
7969-AULMZ,0.2675037144447059,1
5673-FSSMF,0.3338961317578565,1
0907-HQNTS,0.8965326346138882,0
9774-NRNAU,0.7085631002588428,0
2996-XAUVF,0.9866832261588022,0
4821-WQOYN,0.9970365372426416,0
4119-ZYPZY,0.794765066741609,0
7434-SHXLS,0.7983726125005496,0
9643-AVVWI,0.44229513551312716,1
3038-PQIUY,0.8841445350192629,0
8637-XJIVR,0.40512432606769366,1
6357-JJPQT,0.26567103064613284,1
0247-SLUJI,0.8296919887513392,0
1229-RCALF,0.8562528936800697,0
1498-DQNRX,0.9512605848234812,0
3841-NFECX,0.941340967929882,0
4719-UMSIY,0.8676140384252882,0
7245-JMTTQ,0.7151070139082426,0
4662-EKDPQ,0.4961429393748129,1
9577-WJVCQ,0.9792441708427728,0
1241-FPMOF,0.9929705980455971,0
9631-XEYKE,0.5465472123804094,0
5181-OABFK,0.9834737276678954,0
8065-YKXKD,0.25776130513593487,1
9392-XBGTD,0.974877108103401,0
3026-ATZYV,0.9548048438929733,0
1755-RMCXH,0.8367154516497499,0
3221-CJMSG,0.8513550638091949,0
5062-CJJKH,0.9308916038955222,0
7623-TRNQN,0.7244747656425414,0
7815-PDTHL,0.9759064689978122,0
3896-RCYYE,0.9563975637457318,0
4847-TAJYI,0.21171784195367715,1
5075-JSDKI,0.9871105341510867,0
5018-GWURO,0.683307312539248,0
5649-ANRML,0.41429975259439455,1
2439-QKJUL,0.8394207714659303,0
1866-RZZQS,0.3690926977611336,1
1448-CYWKC,0.7794589204380458,0
6899-PPEEA,0.32698731926551117,1
9134-WYRVP,0.9345017546345095,0
7517-LDMPS,0.34315610726752976,1
1357-BIJKI,0.6658167327684779,0
5759-RCVCB,0.5100488169941024,0
4176-RELJR,0.9928659218842537,0
3566-CAAYU,0.9791003414039273,0
1187-WILMM,0.9774033380699801,0
9581-GVBXT,0.9894645746312654,0
8668-KNZTI,0.9754318991463625,0
7450-NWRTR,0.19543070073495294,1
7602-DBTOU,0.997456629686336,0
3096-WPXBT,0.8964467368209562,0
9637-EIHEQ,0.5670746471617215,0
6141-OOXUQ,0.807878865771792,0
2498-XLDZR,0.9748782809084426,0
0567-XRHCU,0.987305172867239,0
3858-VOBET,0.3810987933667449,1
1563-IWQEX,0.8827609435310732,0
8570-KLJYJ,0.9511901924609761,0
6100-QQHEB,0.30531601323506663,1
0082-LDZUE,0.5883351283818573,0
7683-CBDKJ,0.7619558589249061,0
7363-QTBIW,0.2944487623428921,1
0206-TBWLC,0.8886396815202948,0
6617-WLBQC,0.794763593888387,0
0224-RLWWD,0.4037328267452741,1
4549-ZDQYY,0.9878194093341146,0
4238-JSSWH,0.45870236771155504,1
0021-IKXGC,0.16421239905224305,1
3786-WOVKF,0.8491538619912602,0
2725-TTRIQ,0.9821857464300784,0
4531-AUZNK,0.9126178436262121,0
8397-MVTAZ,0.37501474838806337,1
2190-BCXEC,0.7159203468379909,0
8461-EFQYM,0.946000521977497,0
0661-WCQNQ,0.9395101918930397,0
4707-MAXGU,0.9956594493373511,0
0485-ZBSLN,0.9945618363736639,0
2146-EGVDT,0.9953895793818764,0
5995-WWKKG,0.962216049466925,0
2987-BJXIK,0.9784528639571265,0
6340-DACFT,0.9917228467112092,0
2516-VQRRV,0.24247947844542206,1
3934-HXCFZ,0.5089282458335277,0
1839-UMACK,0.9684222842765872,0
7929-DMBCV,0.6552241034115609,0
2361-UPSND,0.9814110771369412,0
8879-ZKJOF,0.9556995157933632,0
2662-NNTDK,0.9935679209226739,0
2821-WARNZ,0.9912567156122652,0
2371-JQHZZ,0.3154350117190523,1
5575-TPIZQ,0.7399313619229677,0
8869-LIHMK,0.8993964107983574,0
5802-ADBRC,0.8204481926079877,0
7270-BDIOA,0.4284859934851831,1
2675-IJRGJ,0.9923532468128958,0
2045-BMBTJ,0.8005808254550956,0
3863-QSTYI,0.9421583836744604,0
3627-FCRDW,0.39153457908633416,1
7795-CFOCW,0.9787612759754453,0
9867-JCZSP,0.9510564688341834,0
7580-UGXNC,0.7413667121696301,0
7845-URHJN,0.8337937834102207,0
1154-HYWWO,0.9769658239273369,0
8544-JNBOX,0.9968688486601931,0
0112-QWPNC,0.9511446836452118,0
1031-IIDEO,0.26305137680421486,1
7537-CBQUZ,0.7185350099460937,0
5515-AKOAJ,0.6206216706139258,0
3023-GFLBR,0.6043043569387814,0
8086-OVPWV,0.2539988900299729,1
7180-PISOG,0.2323744141360473,1
4376-KFVRS,0.9297931042803319,0
3120-FAZKD,0.9872527390711894,0
6121-VZNQB,0.7531170794255426,0
5144-PQCDZ,0.7909395221650624,0
6563-VRERX,0.9809002015259805,0
5766-ZJYBB,0.8082797002591767,0
2691-NZETQ,0.24403635617788078,1
8851-RAGOV,0.9043303691204693,0
4480-MBMLB,0.6071597123743108,0
7216-EWTRS,0.1391290934891708,1
4670-TABXH,0.888052083631387,0
0709-TVGUR,0.21015638352219512,1
0236-HFWSV,0.2532342084949539,1
6653-CBBOM,0.2641551356625852,1
7811-JIVPF,0.8286188721863557,0
6838-YAUVY,0.8412401923493044,0
6976-BWGLQ,0.9960422484544443,0
1093-YSWCA,0.9244668380164653,0
7693-LCKZL,0.2805749689134759,1
3078-ZKNTS,0.9164007602101643,0
9068-VPWQQ,0.9819036514584568,0
9236-NDUCW,0.9429271860530556,0
2226-ICFDO,0.9820259551576846,0
8868-WOZGU,0.34949646356308484,1
3716-BDVDB,0.27590466757644616,1
6741-QRLUP,0.9785805562974468,0
9909-DFRJA,0.8349408863993424,0
9411-TPQQV,0.9450480333129473,0
7114-AEOZE,0.9945703801950161,0
9114-AAFQH,0.9150565911988376,0
3642-BYHDO,0.9974480618800828,0
5857-XRECV,0.8794738439792058,0
3733-ZEECP,0.803338039521861,0
9805-FILKB,0.9862305649629969,0
8985-OOPOS,0.7935090413334619,0
5043-TRZWM,0.33203111196816937,1
5639-NTUPK,0.8182215467809217,0
0661-KBKPA,0.9546022041113483,0
0585-EGDDA,0.6550725841952196,0
2674-MIAHT,0.33286030817982826,1
4821-SJHJV,0.6453921414449744,0
9531-NSBMR,0.9709068680649693,0
8410-BGQXN,0.8326527876685408,0
2770-NSVDG,0.7262101002752899,0
3785-KTYSH,0.9896497809845843,0
1422-DGUBX,0.6928654473565609,0
6250-CGGUN,0.9472886702324689,0
2495-TTHBQ,0.8790568936420253,0
9624-EGDEQ,0.9824062001359308,0
7629-WFGLW,0.891242693496822,0
1337-BOZWO,0.8402659447696162,0
4530-NDRKU,0.9755627739680266,0
9860-LISIZ,0.962897311980308,0
3440-JPSCL,0.4870126002714047,1
2675-DHUTR,0.5174445982060158,0
8008-HAWED,0.4633612189140288,1
1766-GKNMI,0.379000036960095,1
9638-JIQYA,0.4578971803448343,1
4282-ACRXS,0.763919964298758,0
4065-JJAVA,0.5514800670435557,0
7253-UVNDW,0.9750966746481284,0
9863-JZAIC,0.8888569620432103,0
1565-RHDJD,0.4096937295718629,1
4890-VMUAV,0.9815046634085721,0
7952-OBOYL,0.5082689876912868,0
3536-IQCTX,0.4148162336764364,1
2642-MAWLJ,0.9814769569370205,0
4139-SUGLD,0.9399016387450119,0
8799-OXZMD,0.7948730694183304,0
5140-FOMCQ,0.8396001908193791,0
5968-XQIVE,0.856832742564691,0
3724-BSCVH,0.9328660186398049,0
9089-UOWJG,0.6917289538361006,0
4423-YLHDV,0.48586550521070504,1
9586-JGQKH,0.8487262476259988,0
5160-UXJED,0.8958372006218444,0
1010-DIAUQ,0.3982290923219627,1
4716-HHKQH,0.3880326989923024,1
7421-ZLUPA,0.5829402484179376,0
9137-NOQKA,0.679142794630246,0
4057-FKCZK,0.8857035244992485,0
6719-OXYBR,0.4506111659657077,1
9418-RUKPH,0.9814891788823693,0
1508-DFXCU,0.34759664552442926,1
9360-AHGNL,0.8032568252542477,0
5590-BYNII,0.4273414416393242,1
9953-ZMKSM,0.9939114244751348,0
8107-RZLNV,0.8329181866066968,0
0581-BXBUB,0.317634265634292,1
4903-UYAVB,0.8390715163217387,0
3537-HPKQT,0.761200910378576,0
1396-QWFBJ,0.5859767462640788,0
0743-HRVFF,0.9311451620667718,0
5906-DVAPM,0.9752935531051263,0
6376-GAHQE,0.3493552012673691,1
2867-UIMSS,0.30329129318942727,1
0106-UGRDO,0.8692241568753466,0
4282-MSACW,0.9032178732232223,0
0942-KOWSM,0.9361655392248849,0
4690-LLKUA,0.5933207199424522,0
6689-TCZHQ,0.27509576990155904,1
9158-VCTQB,0.7336678742269034,0
7217-JYHOQ,0.9104425810079553,0
4822-RVYBB,0.17414700002561712,1
8466-PZBLH,0.9451405674359994,0
3154-HMWUU,0.9929139446878442,0
6857-TKDJV,0.9951250609111884,0
6298-QDFNH,0.3914573678109312,1
5219-YIPTK,0.38115640974470955,1
6749-UTDVX,0.7847931407775104,0
5338-YHWYT,0.9814286219190349,0
0318-QUUOB,0.2585068056547958,1
0895-DQHEW,0.571407290415666,0
2097-YVPKN,0.9944356690093936,0
7868-BGSZA,0.8799971901349611,0
5726-CVNYA,0.9066126955253733,0
2402-TAIRZ,0.7853441721471479,0
2452-MRMZF,0.9920532911783356,0
4317-VTEOA,0.49037176483878775,1
9221-OTIVJ,0.2075881137017026,1
9372-TXXPS,0.9918372219257742,0
5569-IDSEY,0.8208094296128838,0
8327-WKMIE,0.9802060113745397,0
0980-PVMRC,0.7730141384373121,0
7548-SEPYI,0.2670815916898498,1
3460-TJBWI,0.9567215316323479,0
8559-CIZFV,0.941555152363265,0
2937-FTHUR,0.739583606861891,0
8104-OSKWT,0.3973554145039301,1
5624-BQSSA,0.7982893898569765,0
1080-BWSYE,0.9910945624773883,0
7647-GYYKX,0.9910409403779727,0
2360-RDGRO,0.723316670683388,0
7672-VFMXZ,0.9759427580557694,0
7074-IEVOJ,0.18854607119162514,1
9399-APLBT,0.31757772257533445,1
0970-ETWGE,0.23706579310306197,1
5697-GOMBF,0.6384635660949787,0
7326-RIGQZ,0.35253987517437513,1
0870-VEMYL,0.8462707704852473,0
1614-JBEBI,0.818070881951977,0
3892-NXAZG,0.9334704217467726,0
0851-DFJKB,0.8570776649876335,0
7622-FWGEW,0.969808121552065,0
1679-JRFBR,0.8880963484019949,0
2984-TBYKU,0.9466773306625195,0
8174-TBVCF,0.9719987735652154,0
6686-YPGHK,0.832161277526632,0
2832-SCUCO,0.7213737460681467,0
8938-UMKPI,0.4580711563229982,1
3976-NLDEZ,0.8063498707466614,0
6924-TDGMT,0.9071053571640129,0
3589-PPVKW,0.6821181666975612,0
1075-BGWOH,0.21641216578783973,1
9819-FBNSV,0.6281228187490246,0
7137-NAXML,0.9565807731366472,0
4024-CSNBY,0.9546637842898844,0
3926-YZVVX,0.9653759624999702,0
3961-SXAXY,0.5489696937438793,0
4676-MQUEA,0.7927433948108886,0
6435-SRWBJ,0.32813226097643955,1
1237-WIYYZ,0.8875037987627851,0
5433-KYGHE,0.6789828235841788,0
0135-NMXAP,0.3437354232697586,1
4931-TRZWN,0.6590184870779989,0
0248-PGHBZ,0.9516504399452853,0
3487-EARAT,0.9929280923549993,0
8780-IXSTS,0.23485725495143595,1
4881-GQJTW,0.8861929260801971,0
3249-ZPQRG,0.30190129714197356,1
8718-PTMEZ,0.5268840124611965,0
4659-NZRUF,0.4370292657918253,1
4526-EXKKN,0.9722916601657623,0
8981-FJGLA,0.43634671936845315,1
5730-DBDSI,0.9963073009207353,0
9820-RMCQV,0.8244040871531009,0
5016-IBERQ,0.4674462657258198,1
6946-LMSQS,0.5601713688201886,0
7416-CKTEP,0.9912991548185609,0
1725-MIMXW,0.7880037821189982,0
4106-HADHQ,0.9709816774255483,0
5071-FBJFS,0.7220801555638479,0
7394-FKDNK,0.33563408586673604,1
8573-CGOCC,0.8983539640003755,0
7673-BQGKU,0.9971460826201073,0
9073-ZZIAY,0.9835459474760881,0
1506-YJTYT,0.9761413805623416,0
7321-PKUYW,0.40598435484667095,1
1977-STDKI,0.23917363198067054,1
0191-EQUUH,0.9536854720439405,0
0595-ITUDF,0.8322207059448339,0
9548-LIGTA,0.9849520206058597,0
2900-PHPLN,0.9947147531819719,0
1090-ESELR,0.9676611424411624,0
5537-UXXVS,0.9096454253549205,0
3148-BLQJT,0.8071557547410999,0
8972-HJWNV,0.16896245221644546,1
3503-TYDAY,0.6369679906552046,0
2300-RQGOI,0.9837982335618892,0
3750-YHRYO,0.9219994520823827,0
2004-OCQXK,0.23625362206872547,1
7159-NOKYQ,0.8099168583656452,0
1379-FRVEB,0.32885280019105867,1
2982-IHMFT,0.23772051285605966,1
9541-PWTWO,0.9286429922465967,0
4378-BZYFP,0.9312727774743215,0
6668-CNMFP,0.6441297660496637,0
8388-DMKAE,0.9161909801836309,0
4709-LKHYG,0.9610978495976998,0
4495-LHSSK,0.8437302066424273,0
9637-CDTKZ,0.9277178066707539,0
8108-UXRQN,0.6509459376998772,0
1492-KGETH,0.9890897478154376,0
3617-XLSGQ,0.9145297195494602,0
0559-CKHUS,0.9653677364472337,0
2233-FAGXV,0.7512322620820557,0
5366-OBVMR,0.8252297061221954,0
0780-XNZFN,0.9937000669030764,0
3796-ENZGF,0.9802156171468004,0
1952-DVVSW,0.9207471220174402,0
5919-TMRGD,0.283300317443949,1
3452-ABWRL,0.5914239631641406,0
6522-YRBXD,0.5084709533613333,0
2346-LOCWC,0.9947945171017613,0
3244-CQPHU,0.9046915045507105,0
6741-EGCBI,0.5564885779227078,0
3640-JQGJG,0.7699682113651561,0
4973-RLZVI,0.9633244797967419,0
3744-ZBHON,0.7327668105923539,0
4316-XCSLJ,0.862170678760114,0
1568-BEKZM,0.978725423900723,0
9208-OLGAQ,0.32509277037839623,1
7633-MVPUY,0.9831563570898467,0
5917-RYRMG,0.9674435329534403,0
4419-UJMUS,0.8583921328496539,0
2239-CFOUJ,0.894263092070838,0
1635-HDGFT,0.9595344109677282,0
1485-YDHMM,0.791668133807978,0
7817-BOQPW,0.20313940571955036,1
8780-IHCRN,0.9941115444414964,0
9389-ACWBI,0.4873359813363881,1
1346-UFHAX,0.5016830340082652,0
1215-EXRMO,0.9917977933270765,0
4959-JOSRX,0.5589348285345608,0
0376-OIWME,0.6385292855388509,0
4277-UDIEF,0.873222500878619,0
2668-TZSPS,0.8065919043036971,0
3898-BSJYF,0.895409040810992,0
8752-GHJFU,0.9238848801797453,0
3407-QGWLG,0.8045886822372765,0
1602-IJQQE,0.26612232246689527,1
8614-VGMMV,0.5332505402163664,0
0048-PIHNL,0.9892160434159644,0
1866-NXPSP,0.9640820299093468,0
8677-HDZEE,0.7092796052805574,0
5076-YVXCM,0.7284818242477545,0
8229-TNIQA,0.6082982085269777,0
2599-CIPQE,0.9674031169992201,0
4957-SREEC,0.9974616236135742,0
6543-JXSOO,0.9598215594111705,0
4208-UFFGW,0.6029686553207567,0
4667-QONEA,0.982200875617726,0
3791-LGQCY,0.54355022690236,0
0128-MKWSG,0.9169189549359148,0
7078-NVFAM,0.8603318802253408,0
2378-VTKDH,0.5745394077642532,0
7407-SUJIZ,0.9412990457703552,0
3137-LUPIX,0.6125974145550321,0
8388-FYNPZ,0.707024170766183,0
6769-DYBQN,0.7465081324074385,0
9800-OUIGR,0.9968321528922272,0
0388-EOPEX,0.4011583184693176,1
6557-BZXLQ,0.42076071419917205,1
6133-OZILE,0.6801699622771904,0
9565-AXSMR,0.9938991143575542,0
3104-OWCGK,0.8895875743025095,0
8672-OAUPW,0.9840992674179239,0
1045-LTCYT,0.8594953966698908,0
1897-RCFUM,0.9723705793026757,0
9505-SQFSW,0.5867072874150094,0
3410-MHHUM,0.7273555320975641,0
6910-HADCM,0.3301993501901751,1
0634-SZPQA,0.5393778334436654,0
0117-LFRMW,0.9373298128892974,0
3520-FJGCV,0.9375102743188809,0
6732-FZUGP,0.8609627579921442,0
7228-PAQPD,0.8761265186763463,0
0369-ZGOVK,0.74839499332359,0
6195-MELTI,0.9824399575683193,0
8414-MYSHR,0.21198134866356966,1
5989-OMNJE,0.8734262640295285,0
6508-NJYRO,0.942297515062952,0
9150-KPBJQ,0.8979648916153188,0
6439-LAJXL,0.8543522187423529,0
1934-SJVJK,0.807075281339986,0
1930-WNXSB,0.7353639822241969,0
6323-AYBRX,0.9953758750838934,0
7746-AWNQW,0.852321691124174,0
5125-CNDSP,0.9907612077315792,0
7563-BIUPC,0.28838776526076026,1
8630-QSGXK,0.931395612466,0
8563-IIOXK,0.8083939422884312,0
0409-WTMPL,0.8302053206314087,0
1849-RJYIG,0.6528958318441102,0
2057-ZBLPD,0.30140721580141383,1
2884-GBPFB,0.5891493696486129,0
2424-WVHPL,0.3794330096499151,1
4439-JMPMT,0.41128032925279145,1
2856-HYAPG,0.3256407872293343,1
4054-CUMIA,0.9004345257654761,0
1397-XKKWR,0.8399244621192531,0
3930-ZGWVE,0.8077183532281618,0
3258-SANFR,0.6215642659354299,0
5760-FXFVO,0.47570739756185076,1
8963-JLGJT,0.8168117501885719,0
5533-RJFTJ,0.9127142081834964,0
7621-VPNET,0.708034548644618,0
8311-UEUAB,0.956407383150536,0
5982-PSMKW,0.9065492872557046,0
7921-LMDFQ,0.7525114836913434,0
3097-NQYSN,0.23578213057931052,1
3640-PHQXK,0.38741058578750653,1
6527-PZFPV,0.9545529331544867,0
1925-GMVBW,0.8165235985378216,0
1084-UQCHV,0.4464646063926724,1
7328-OWMOM,0.9757315247398357,0
0930-EHUZA,0.9667536370397857,0
3511-BFTJW,0.9943696915983204,0
5424-RLQLC,0.6842511825987851,0
2181-TIDSV,0.9962184290479177,0
9314-IJWSQ,0.2989204871782948,1
3262-EIDHV,0.9874092499854744,0
1023-BQXZE,0.9679263927994647,0
3339-EAQNV,0.8122294847247413,0
0186-CAERR,0.908528257028661,0
3239-TPHPZ,0.8635752402761693,0
3307-TLCUD,0.8358284170018901,0
0818-OCPZO,0.3693833763850436,1
8580-AECUZ,0.21507850429627628,1
8735-NBLWT,0.8844457348349662,0
4514-GFCFI,0.2345808357462511,1
6772-KSATR,0.3128800994192614,1
2474-LCNUE,0.7246804157764227,0
7860-KSUGX,0.9903130266080429,0
2739-CACDQ,0.33147389179069586,1
8735-SDUFN,0.9940812482298589,0
8679-JOEVF,0.7048972027598975,0
2845-KDHVX,0.9820920233679286,0
6519-ZHPXP,0.9578001537774506,0
4422-QVIJA,0.8798828475834823,0
6259-WJQLC,0.4845565360792624,1
1710-RCXUS,0.7765493226669876,0
5442-BXVND,0.9406581679921887,0
9732-EQMWY,0.6584981070952012,0
1047-NNCBF,0.6015982546222295,0
3413-BMNZE,0.5501734607133101,0
8670-ERCJH,0.9411388175262224,0
0556-FJEGU,0.9810692066105811,0
7721-JXEAW,0.9289205699985256,0
2259-OUUSZ,0.7593514845531522,0
1139-WUOAH,0.9722810521550551,0
8429-XIBUM,0.48819242526721573,1
7153-CHRBV,0.9901125507693239,0
7511-YMXVQ,0.3978080244445057,1
3981-QSVQI,0.8001602098083783,0
4853-RULSV,0.9272657238008353,0
4939-KYYPY,0.8065144034310657,0
2990-IAJSV,0.9830358989763831,0
3134-DSHVC,0.9242014814813673,0
9975-GPKZU,0.9905980596210959,0
9128-CPXKI,0.830114284530816,0
5846-ABOBJ,0.9954311133983024,0
2898-LSJGD,0.8005483325961755,0
4377-VDHYI,0.7839916007055877,0
6092-QZVPP,0.9204655973470957,0
2868-MZAGQ,0.25007593883680124,1
9600-UDOPK,0.44161215756492433,1
2530-ENDWQ,0.843004746235178,0
2971-SGAFL,0.5856727347344192,0
5039-LZRQT,0.9320608219895508,0
9027-YFHQJ,0.7218667747919506,0
7067-KSAZT,0.6600567908547047,0
4443-EMBNA,0.9950303078399635,0
7353-YOWFP,0.9076837269916733,0
3662-FXJFO,0.9913228770955793,0
9067-YGSCA,0.9945883739254593,0
8468-FZTOE,0.988687118508484,0
8887-IPQNC,0.6448058806539523,0
9507-HSMMZ,0.9935246899321791,0
9866-QEVEE,0.37844706471290057,1
3452-SRFEG,0.6976404838815304,0
6715-OFDBP,0.4690157555262433,1
3370-GQEAL,0.5143192577334621,0
0295-QVKPB,0.7024942628403925,0
7148-XZPHA,0.890592792635002,0
9170-ARBTB,0.9924825580026323,0
5840-NVDCG,0.9440416660152624,0
0550-DCXLH,0.8169628415490469,0
5688-KZTSN,0.8337832185240979,0
0207-MDKNV,0.6352279919434402,0
6072-NUQCB,0.9588807996421774,0
0068-FIGTF,0.9291458931945746,0
2984-RGEYA,0.9971225927428654,0
0804-XBFBV,0.5804068404666677,0
9465-RWMXL,0.47507088227217187,1
1099-BTKWT,0.9674785970896037,0
5649-RXQTV,0.6357236350718845,0
6507-ZJSUR,0.3294818228455194,1
4123-DVHPH,0.3516619235225652,1
6701-DHKWQ,0.983155424524239,0
8807-ARQET,0.7901687130976616,0
4412-YLTKF,0.3521876502155912,1
5233-GEEAX,0.3957113829575162,1
1697-LYYYX,0.9955670438219505,0
1142-WACZW,0.6267379601660085,0
8220-OCUFY,0.9120453894421292,0
8015-IHCGW,0.897019835702008,0
4782-OSFXZ,0.9762706086991385,0
1769-GRUIK,0.4162361035566817,1
9822-WMWVG,0.7103106893522176,0
8992-JQYUN,0.3193299962233883,1
7693-QPEFS,0.6780184670030895,0
2277-VWCNI,0.526590213717708,0
4312-KFRXN,0.9963417623644445,0
7623-HKYRK,0.867157512768153,0
0991-BRRFB,0.8228429954380435,0
3908-BLSYF,0.347221047448688,1
0947-IDHRQ,0.408388131529445,1
6586-PSJOX,0.9136352786838735,0
4872-JCVCA,0.9918867600436369,0
0224-HJAPT,0.49870145427625,1
3951-NJCVI,0.37407833238677823,1
6549-NNDYT,0.7090272811811356,0
4891-NLUBA,0.9691186052275963,0
0899-WZRSD,0.834213524788608,0
6865-JZNKO,0.8981736004194384,0
1976-CFOCS,0.4543574207549025,1
5876-HZVZM,0.8184309748622851,0
3466-WAESX,0.6955656656711561,0
1015-JPFYW,0.9236131443766478,0
8639-NHQEI,0.9291111034397569,0
2927-QRRQV,0.6851528588236089,0
2637-FKFSY,0.5948757803163625,0
9938-ZREHM,0.9318327156203197,0
2868-LLSKM,0.9325603347650256,0
0804-YGEQV,0.9739813650864655,0
1571-SAVHK,0.44111504966037274,1
0027-KWYKW,0.3818498965581242,1
5146-CBVOE,0.566243258430633,0
6651-RLGGM,0.9956935057089458,0
4465-VDKIQ,0.5239825871274261,0
6339-YPSAH,0.35180580121709915,1
0867-MKZVY,0.5362638811814289,0
9821-BESNZ,0.8196861018336614,0
6427-FEFIG,0.8986747985623477,0
4476-OSWTN,0.8993403070245238,0
5127-BZENZ,0.9740160841652525,0
9972-NKTFD,0.9023914302799,0
8859-DZTGQ,0.9791898753866367,0
4115-UMJFQ,0.9808528776707671,0
6108-OQZDQ,0.2274670152592354,1
3173-WSSUE,0.9975514388699287,0
9985-MWVIX,0.3689693685601938,1
6546-OPBBH,0.9862302435370226,0
1555-HAPSU,0.9961884806094213,0
2514-GINMM,0.2618204247039958,1
4446-BZKHU,0.5971685611386643,0
5419-CONWX,0.29389675447338703,1
9611-CTWIH,0.2428058065748323,1
2202-CUYXZ,0.2706062747043615,1
5204-QZXPU,0.5749387184897938,0
3717-OFRTN,0.7811001766966579,0
7929-SKFGK,0.9341524552579753,0
4763-PGDPO,0.34876932540321814,1
6158-HDPXZ,0.5413979999619759,0
8356-WUAOJ,0.4526397763652821,1
5884-GCYMI,0.449616227322839,1
9142-KZXOP,0.8134812790197804,0
1016-DJTSV,0.2782217375111752,1
9817-APLHW,0.7638343578449215,0
9185-TQCVP,0.26773042035575856,1
3745-HRPHI,0.9826726519642641,0
3836-FZSDJ,0.9937116971884897,0
3638-DIMPH,0.775880382938791,0
7876-AEHIG,0.9769378999958013,0
0929-PECLO,0.678360768347446,0
9945-PSVIP,0.963809995942421,0
7609-NRNCA,0.9466257210885205,0
6215-NQCPY,0.36492503199487614,1
1767-CJKBA,0.9947362587092435,0
2604-XVDAM,0.7243147722477075,0
5334-AFQJB,0.9928550784853704,0
8495-PRWFH,0.7906817934201568,0
0308-GIQJT,0.8794282593714172,0
5348-CAGXB,0.2753194638727594,1
5174-ITUMV,0.7788103610971997,0
1395-OFUWC,0.9297764584812017,0
4441-NIHPT,0.3210531045538504,1
7021-XSNYE,0.8885432860317879,0
3276-HDUEG,0.28715683359159416,1
6784-XYJAE,0.872628124573509,0
1121-QSIVB,0.8951029371365545,0
0943-ZQPXH,0.686513842447068,0
8165-ZJRNM,0.9962322801525354,0
4378-MYPGO,0.9306754914638767,0
0880-FVFWF,0.7750422949736127,0
1217-VASWC,0.7080898539040965,0
5766-XQXMQ,0.8708129840858171,0
0774-RMNUW,0.9917174092575167,0
5519-NPHVG,0.2318077371138747,1
3224-DFQNQ,0.9440712377913574,0
1752-OZXFY,0.982255415985518,0
3672-YITQD,0.3834104596443947,1
7839-NUIAA,0.9605231980085082,0
7919-ZODZZ,0.8020733005362719,0
4830-FAXFM,0.8618976615622355,0
2211-RMNHO,0.975638570165576,0
3359-DSRKA,0.9939734701572115,0
4634-JLRJT,0.7507064537928702,0
7009-PCARS,0.9938590970287964,0
4883-QICIH,0.673252328819113,0
9681-OXGVC,0.19285566954759947,1
0909-SDHNU,0.7650790841098838,0
2809-ILCYT,0.9278837336453084,0
7010-ZMVBF,0.9237212996610304,0
9467-ROOLM,0.9409771047238674,0
9796-MVYXX,0.8984017182996991,0
0067-DKWBL,0.5590953056484489,0
9101-NTIXF,0.8163764764463062,0
4360-PNRQB,0.4055404503772192,1
6518-LGAOV,0.4956115576224446,1
6114-TCFID,0.9589083542050962,0
9388-ZEYVT,0.935501732510439,0
4011-ARPHK,0.9174394470706374,0
5141-ZUVBH,0.7247149722914525,0
3696-DFHHB,0.9940214871775785,0
9881-VCZEP,0.7153882385233974,0
3669-WHAFY,0.9193774990938763,0
3996-ZNWYK,0.9969895854511802,0
4718-DHSMV,0.5728162493837865,0
1406-PUQVY,0.5310368236739789,0
5813-UECBU,0.5249555855035275,0
7503-ZGUZJ,0.28385609347601115,1
9018-PCIOK,0.9612052649032491,0
4806-DXQCE,0.8664228730155228,0
2235-ZGKPT,0.6168106886562323,0
1813-JLKWR,0.995875041436852,0
0921-OHLVP,0.39967723042289005,1
8819-WFGGJ,0.9781355151734122,0
2446-BEGGB,0.17278958397300648,1
3795-GWTRD,0.9916363385588653,0
6231-WFGFH,0.8125775485642288,0
7594-RQHXR,0.2699260903505679,1
7950-XWOVN,0.6997804286092106,0
7480-SPLEF,0.993912049380409,0
6905-NIQIN,0.6744241746234447,0
3058-WQDRE,0.594998841342222,0
5311-IHLEI,0.7878240849427894,0
6723-WSNTY,0.8216627844475679,0
7251-XFOIL,0.7926576734356455,0
3280-MRDOF,0.8637183163196356,0
7246-ZGQDF,0.7850840328156702,0
6582-PLFUU,0.9926160056172585,0
0219-YTZUE,0.3489351090283913,1
2826-DXLQO,0.6538990977766788,0
0895-LNKRC,0.919119251365882,0
0390-DCFDQ,0.30825491393816606,1
1357-MVDOZ,0.679114198076469,0
9054-FOWNV,0.38726523762702725,1
0810-BDHAW,0.8602815588513943,0
3269-ATYWD,0.4319763727943453,1
6664-FPDAC,0.6767033060755627,0
1996-DBMUS,0.705825915245926,0
8207-VVMYB,0.9925302549106637,0
8295-KMENE,0.9807513803803153,0
1455-UGQVH,0.22728017737516515,1
7734-DBOAI,0.5441482259314141,0
7729-XBTWX,0.9963132628504945,0
7716-YTYHG,0.8009861497739469,0
0265-EDXBD,0.40719719976420954,1
4983-CLMLV,0.7230428792656072,0
1205-WNWPJ,0.7243682432027059,0
6005-OBZPH,0.32372266357803725,1
7855-DIWPO,0.44933905279451714,1
2180-DXNEG,0.3102185224920819,1
7928-VJYAB,0.39636705541980144,1
1626-ERCMM,0.2327447742538522,1
2688-BHGOG,0.2565111927140534,1
1098-TDVUQ,0.7212343650412798,0
0013-MHZWF,0.7218685451691003,0
8016-ZMGMO,0.9390631703526342,0
8109-YUOHE,0.9298678658022148,0
3398-FSHON,0.2207822061647391,1
1580-BMCMR,0.45611413324379435,1
5842-POCOP,0.5250572940163949,0
3209-ZPKFI,0.8943117565957419,0
7055-JCGNI,0.9241538195055492,0
4183-WCSEP,0.6779935567039134,0
8003-EWNDZ,0.7523081265698133,0
9701-CDXHR,0.8520596359747741,0
2428-HYUNX,0.979006719857723,0
3199-XGZCY,0.2465524601630994,1
5649-TJHOV,0.7134456938318431,0
8046-DNVTL,0.9905808169559841,0
6695-FRVEC,0.9929646612762233,0
3957-LXOLK,0.2707208068742515,1
4730-AWNAU,0.9590509205708302,0
6994-FGRHH,0.8927918141465778,0
6352-TWCAU,0.43078869483423055,1
8654-DHAOW,0.5916510902335257,0
5386-THSLQ,0.9699834104869121,0
7924-GJZFI,0.4185152500875715,1
1459-QNFQT,0.9910497830097582,0
0074-HDKDG,0.9325260480328803,0
4795-UXVCJ,0.9650020285542492,0
7890-VYYWG,0.4126469023661188,1
5275-PMFUT,0.989236783702338,0
3158-MOERK,0.1726589811498096,1
0289-IVARM,0.913031458927171,0
5215-LNLDJ,0.46167336961286964,1
9361-YNQWJ,0.9901079206049709,0
8232-CTLKO,0.9807511106135894,0
9747-DDZOS,0.4122452872868094,1
1513-XNPPH,0.4338555068691934,1
2272-JKMSI,0.8026570626327222,0
5995-LFTLE,0.988009853147868,0
8292-TYSPY,0.8267199729889468,0
0670-KDOMA,0.7508998811812638,0
6674-KVJHG,0.8379672805594685,0
2753-JMMCV,0.9703241765104987,0
2851-MMUTZ,0.8864312462441796,0
4697-LUPSU,0.8998539197613631,0
7663-RGWBC,0.5887106627115983,0
6705-LXORM,0.302951684078963,1
9752-ZNQUT,0.4841304653050241,1
0877-SDMBN,0.8158973334059485,0
5555-RNPGT,0.8326323881991946,0
4628-CTTLA,0.9104362704333158,0
0516-QREYC,0.8958631982835069,0
5198-HQAEN,0.800806450543307,0
